{
  "split": "val",
  "k": 50,
  "candidates_per_user": 300,
  "min_rating": 4.0,
  "max_hist_items_per_user": 200,
  "min_user_hist": 5,
  "weights": {
    "w_graph": 1.0,
    "w_pop": 0.15
  },
  "graph_available": true,
  "duckdb": {
    "threads": 4,
    "memory_limit": "6GB",
    "tmp_dir": "data/interim/duckdb_tmp"
  },
  "metrics": {
    "n_users_eval": 200945.0,
    "precision@5": 0.0728886013585807,
    "recall@5": 0.033193641500949014,
    "hit_rate@5": 0.25942422055786407,
    "ndcg@5": 0.07688741151565331,
    "map@5": 0.044548266385771675,
    "precision@10": 0.06867228535645267,
    "recall@10": 0.06184733649994114,
    "hit_rate@10": 0.39509816118838487,
    "ndcg@10": 0.08262301528704738,
    "map@10": 0.037936901270433955,
    "precision@20": 0.0633691889780686,
    "recall@20": 0.11273245790142933,
    "hit_rate@20": 0.5517181318271168,
    "ndcg@20": 0.09856240003668139,
    "map@20": 0.03816887377145549,
    "precision@50": 0.05372376662574858,
    "recall@50": 0.22511693659684903,
    "hit_rate@50": 0.7473487770285402,
    "ndcg@50": 0.13806548845224187,
    "map@50": 0.045191569755465205
  },
  "timestamp": "2026-01-23T14:24:42",
  "notes": "Leakage-safe: TRAIN-only history; popularity fallback always available. Deterministic ordering (no RANDOM)."
}